project,start_time,end_time,initial_lines,current_lines,commit_count,developer_count,github_url,oldest_tag_version,newest_tag_version,oldest_tag_commit_id,newest_tag_commit_id,oldest_tag_commit_time,newest_tag_commit_time
Achilles,2012-11-17 10:27:11+01:00,2022-01-15 20:24:39+01:00,2149,77510,1317,29,git@github.com:doanduyhai/Achilles.git,achilles-1.0-beta,achilles-6.1.0,36d788e53f0efbe35c46b6cddc8e080410c3ee78,00293ecf80b4750cb24f1a8e2f3d373351e8d0a9,Tue Feb 5 00:04:08 2013 +0100,Sat Mar 27 14:58:28 2021 +0100
aesh,2011-08-27 21:56:17+02:00,2022-10-17 09:34:08+02:00,1702,37846,1826,43,git@github.com:aeshell/aesh.git,0.27,2.6,d222b01b653988fae4fea8e6bb9ff328c731eb7d,a065062cc76f669e702c2284793a2ebc7a8848fe,Wed Dec 12 16:23:23 2012 +0100,Thu Dec 12 13:42:37 2019 +0100
antlr4,2010-01-27 16:28:26-08:00,2023-03-05 09:00:08-08:00,6050,75447,9106,415,git@github.com:antlr/antlr4.git,antlr-4.0b1,runtime/Go/antlr/v4/v4.12.0,ff0c658af5b316af331b77a9ba98e925fb91d5cd,bf0bbff4bff0c7fb33704ef7c4699314715efb2c,Tue Sep 18 14:20:58 2012 -0700,Sun Feb 19 12:54:50 2023 -0800
Apex,2012-06-06 19:42:55-07:00,2021-04-09 15:15:23+01:00,2060,107595,6122,114,git@github.com:DataTorrent/Apex.git,v3.0.0-RC1,v3.7.0,acc783596a22c92bd33134db5384760417510f10,cd0b0d9f31b3a198425440b66c52802d1e592b4e,Fri Jul 10 17:50:24 2015 +0530,Sat Apr 14 07:51:53 2018 -0700
api-themoviedb,2009-07-18 15:49:41+00:00,2020-11-11 13:30:49+00:00,0,21240,628,18,git@github.com:Omertron/api-themoviedb.git,themoviedbapi-3.3,themoviedbapi-4.3,83fadff5f146fdc553f972280699cb3da6ec3faf,3f1c359a9f14308689bf56107913300e528ab9be,Mon Dec 17 13:50:59 2012 +0100,Sun May 1 15:31:50 2016 +0000
appkit,2012-04-17 15:46:42+02:00,2018-10-17 11:36:15+00:00,0,104646,1234,42,git@github.com:xwic/appkit.git,appkit-5.2.0,appkit-5.3.49,19dc939319dc3d0078de48e3a964f49236e9e0f6,05c662b5eda311cee327ab6c1ac18cab88e40433,Tue Apr 29 08:31:38 2014 +0000,Wed Oct 17 11:36:12 2018 +0000
as2-lib,2013-05-24 01:45:42-07:00,2023-02-24 17:51:58+01:00,0,36238,1585,15,git@github.com:phax/as2-lib.git,as2-lib-1.0.0,as2-lib-parent-pom-5.1.0,1d1e3d0a183b7407386892418182f0a96532df44,ad74aa0775603fdf55ee5f40255429fc75ae3cee,Mon Sep 29 07:52:42 2014 +0200,Fri Feb 24 17:37:13 2023 +0100
AxonFramework,2010-01-19 18:36:08+00:00,2023-03-15 03:57:51+00:00,0,250855,9649,270,git@github.com:AxonFramework/AxonFramework.git,axon-0.3,axon-4.7.3,27fa2d2ba609af8602318a1360eada9129df4e70,06008b0a6b92562c24a980ed42ecd47d3c0ed959,Tue Jan 19 19:46:45 2010 +0000,Fri Mar 10 16:39:16 2023 +0100
biojava,2009-09-15 15:52:24+00:00,2023-01-31 14:17:54-08:00,342628,269089,6707,136,git@github.com:biojava/biojava.git,rcsb_1002,biojava-7.0.0,228284a98ef53a4f6a881317efb6e77d363d534c,b7fe72ce48bcabc28bc4e855c0c2baf570f492c3,Tue Mar 2 18:56:55 2010 +0000,Tue Jan 31 14:00:46 2023 -0800
bitcoinj,2011-03-04 21:36:40+00:00,2023-03-18 11:36:47+01:00,0,112017,4303,154,git@github.com:bitcoinj/bitcoinj.git,v0.8,v0.16.2,cbbb1a2bf4d189732efe273ebf65ab2da14eaaa5,e578947989b4cf063b12c3f445b76a521fefbd10,Tue Apr 9 23:24:38 2013 +0200,Sun Dec 4 14:34:36 2022 +0100
bitvunit,2011-05-22 18:20:54+02:00,2020-10-14 15:14:00+02:00,187,7867,577,4,git@github.com:codescape/bitvunit.git,v0.1.0,v0.13,a98dd07b7c2d6d4d430bc81886d69856378add59,4e4c88c07d9e5651579b426908f5de60e1918d74,Tue May 24 22:25:37 2011 +0200,Sun Dec 14 04:04:02 2014 +0100
BlackLab,2012-10-04 03:59:43-07:00,2023-03-16 14:16:34+01:00,0,120661,2511,26,git@github.com:INL/BlackLab.git,v1.0,v3.0.1,ae88ea39b99da68ce802b3953651cdc3a337ce42,6eaa4d84f0ee5742cd8e1b25ff64e3dafd14aad9,Fri Mar 21 10:55:06 2014 +0100,Thu Oct 6 13:09:30 2022 +0200
blueprints,2010-02-08 15:19:02-07:00,2017-09-05 07:00:29-04:00,0,45253,1766,71,git@github.com:tinkerpop/blueprints.git,0.1,2.6.0,8b3dcf36309c58d9b36346130daae0fe41f83d8c,2ef622afef62e84e627dfc95f3a641e59fd9b926,Tue Feb 9 14:23:31 2010 -0700,Wed Sep 17 08:33:04 2014 -0600
BootsFaces-OSP,2014-10-06 16:01:09+02:00,2022-01-23 18:33:02+01:00,0,86747,2069,82,git@github.com:TheCoder4eu/BootsFaces-OSP.git,v0.5.0,v1.5.0,96bb6ee1556589e58cde5961d8b9406eefe85eaf,c45dded936e160dca0e8cdb449611b3c49d052a7,Fri Oct 31 23:58:06 2014 +0100,Sun Aug 9 22:01:19 2020 +0200
BridgeDb,2009-04-07 11:53:57+00:00,2023-03-18 13:45:45+01:00,0,50688,2132,39,git@github.com:bridgedb/BridgeDb.git,release_1.0.0,release_3.0.21,a0b14286ae5e6667b87baf966ba99e8cba58f961,be6f4f6d1ed8340d68cb7fd8c5cbe270c5707eff,Thu Mar 4 13:32:20 2010 +0000,Sat Mar 18 13:45:45 2023 +0100
Bukkit,2010-12-21 15:32:27+00:00,2014-08-17 11:49:33-06:00,21,65673,1509,142,git@github.com:Bukkit/Bukkit.git,0.0.0,1.7.9-R0.2,4e8311a6551e8d7794cff73c57a481251b47459c,9b2d3d1a5a303c393d89cd27ff12fadd589b37f1,Tue Dec 21 15:33:00 2010 +0100,Sun Jun 1 01:47:22 2014 -0400
candybean,2014-01-20 18:44:23-08:00,2016-04-05 10:00:03-07:00,7996,12625,407,14,git@github.com:sugarcrm/candybean.git,candybean-1.1.1,candybean-2.0.5,59f871919b6028d001dc46018f6d4a7c058b100f,7bd0fd3d56f17f75017bbf6f0eb149f0edc11777,Tue Jan 14 01:06:36 2014 -0800,Fri Dec 11 16:45:29 2015 -0800
cassandra-lucene-index,2015-05-07 10:04:05+02:00,2017-12-19 10:52:15+01:00,0,48450,1114,19,git@github.com:Stratio/cassandra-lucene-index.git,2.1.6.0,2.1.20.0,7097211e566ded01176c0e07acd88d684ebd9abf,92babf788f6ac40eea5c317fc4655263444a532b,Mon Jun 8 18:38:03 2015 +0200,Tue Oct 2 06:26:55 2018 +0000
cassandra-reaper,2014-11-24 12:49:10+01:00,2018-06-25 15:06:42+02:00,86,0,501,21,git@github.com:spotify/cassandra-reaper.git,v0.1.0,1.0.0-spotify,8f3c17500cac8d43afe8afe2ad574f928ff50496,1ba934dd5f33b0ec2b433a36a98fbbd18e44b4f4,Fri Feb 13 12:44:19 2015 +0100,Wed Nov 22 13:14:30 2017 +0100
cdi-tck,2009-10-08 10:48:12+00:00,2023-03-10 11:46:18+00:00,49395,222171,2123,42,git@github.com:cdi-spec/cdi-tck.git,1.0.0.Beta4,4.0.9,1e932867f6f3e2090aaade3452133ac58487645a,dbe597497578e3156902c74c3e920b9165b2f068,Tue Oct 13 16:00:46 2009 +0000,Fri Mar 10 11:46:17 2023 +0000
chicory,2013-11-29 15:09:37+04:00,2017-10-10 04:07:35+03:00,10979,11177,278,3,git@github.com:sviperll/chicory.git,chicory-0.17,chicory-0.36,7d18116329bc6a7a2c525d208fbe022235d94622,41b0e0b3605d8b02a8f65473a21cff0b3f33a764,Fri Feb 27 17:03:54 2015 +0300,Tue Sep 13 19:15:49 2016 +0300
choco3,2011-04-29 11:04:35+00:00,2023-03-14 10:53:49+01:00,0,227935,6148,51,git@github.com:chocoteam/choco3.git,CP12,v4.10.12,0b59468f39ff6b11233e148a5b0946c474b7cdda,61ff406c817b05d3176e08fd98daf461b44b75d6,Thu May 3 16:59:45 2012 +0200,Mon Mar 6 14:22:13 2023 +0100
Chronicle-Network,2015-01-15 14:55:47+00:00,2023-02-24 03:12:52+00:00,0,20120,2778,48,git@github.com:OpenHFT/Chronicle-Network.git,chronicle-network-1.0.0-alpha,chronicle-network-2.23.26,15c43d9438a7d4838774bbe330530a1e3d11dc34,cab6bcfec061d4c6f9eb4e22ccc65dfa97f2e347,Wed Apr 8 14:58:59 2015 +0100,Fri Feb 24 06:05:36 2023 +0000
clojure,2006-03-24 14:49:31+00:00,2023-03-08 09:39:53-06:00,0,59922,3436,215,git@github.com:clojure/clojure.git,1.0,clojure-1.12.0-alpha1,f85444e6f890eb585e598efefdbd84727427e0a4,52bb71bb615e2ad2cd75b3d47fce541d5b37c1ec,Mon May 4 23:23:20 2009 +0000,Thu Jun 30 16:07:41 2022 -0500
closure-templates,2009-10-09 17:32:33+00:00,2023-03-17 09:11:34-07:00,0,223966,5201,88,git@github.com:google/closure-templates.git,release-20160721,release-2022-10-26,e36c0fb6dc325be9897027f624449945e2527367,d95941a6b758c056682fe01f3c540e8d2eca026c,Thu Jul 21 14:45:43 2016 -0400,Wed Oct 26 16:19:12 2022 -0400
cloud-slang,2014-10-27 12:48:38+02:00,2023-03-17 09:51:17+00:00,0,58715,4764,153,git@github.com:CloudSlang/cloud-slang.git,score-language-0.1.0,cloudslang-2.0.80,52d16475f872b1c87b252e85de7c3f5cd93a9575,caf453e005b8974ee85adf054397a2aea5fdfbc2,Sun Nov 9 17:18:43 2014 +0200,Fri Mar 17 09:51:16 2023 +0000
ClusterMate,2012-09-27 12:03:08-07:00,2016-06-16 19:16:16-07:00,0,34331,775,4,git@github.com:cowtowncoder/ClusterMate.git,clustermate-parent-0.5.0,clustermate-parent-0.10.5,f02f531cb5971bf073d7167a115a4f6277e9711e,003e041df74b4cc1e3bdc762ff49698e37507b89,Thu Oct 25 14:49:24 2012 -0700,Thu Sep 4 22:49:03 2014 -0700
commons,2012-09-02 23:52:06+02:00,2022-05-20 19:00:09+02:00,266,26984,797,5,git@github.com:Weltraumschaf/commons.git,0.1.0,2.2.0,c7f3bcea88497e07031eada73059245b5af6feba,9b860f11db65ed714a5b066b0ee7a889e713fcd1,Mon Sep 3 11:17:51 2012 +0200,Sun Apr 10 23:16:45 2016 +0200
commons-bcel,2001-10-29 12:42:33+00:00,2023-03-17 18:41:48-04:00,0,84524,2409,53,git@github.com:apache/commons-bcel.git,BCEL_5_0,rel/commons-bcel-6.7.0,4f2b59597e8463d85bad90b48c8d876815291f4f,6fc2135e6b1dca14716287e72bf813cb209bdbbd,Fri Jul 22 09:26:16 2011 +0000,Tue Dec 6 06:18:21 2022 -0500
commons-codec,2003-04-25 17:51:00+00:00,2023-03-17 17:10:42+01:00,0,43311,2349,63,git@github.com:apache/commons-codec.git,CODEC_1_1,commons-codec-1.16-rc1,b4e4eee0644a211c209c21a2056b6227bfee8ccc,a7af6b2159c8868899608a5fe89228c50ab985a5,Sun Jul 29 03:42:34 2007 +0000,Fri Jan 21 23:03:07 2022 -0600
commons-compress,2003-11-23 20:07:47+00:00,2023-03-18 13:27:26-04:00,0,121511,4028,102,git@github.com:apache/commons-compress.git,compress_sandbox_03_2009,commons-compress-1.23.0-RC1,6a575014fec9017003821a5897289658bf9b7ebd,b19df3e5b9a85000cf46be3afd998fc58c0ea538,Fri Mar 20 13:26:04 2009 +0000,Sat Mar 18 13:34:22 2023 -0400
commons-dbcp,2001-04-14 17:14:51+00:00,2023-03-17 06:25:32-04:00,0,49151,2798,71,git@github.com:apache/commons-dbcp.git,DBCP_1_0,rel/commons-dbcp-2.9.0,68948e66e5b230a256cfb20d1775f7d0d02ac888,2abdb498d0aa7b65d668fc5661795bc83844d8fa,Sun Jul 29 03:42:34 2007 +0000,Tue Aug 3 16:46:51 2021 -0400
commons-fileupload,2002-03-24 07:05:13+00:00,2023-03-17 18:39:22-04:00,0,11679,1336,60,git@github.com:apache/commons-fileupload.git,FILEUPLOAD_1_0,commons-fileupload-1.5-RC1,cdfbeaa120cba6a8f1527b91600317ee374450c2,1d9a750e5091b6e36aa81c2277200a4b2b5ecd8a,Sun Jul 29 03:42:34 2007 +0000,Wed Feb 1 12:30:22 2023 +0000
commons-lang,2002-07-19 03:35:56+00:00,2023-03-17 17:05:41+01:00,0,171024,7140,260,git@github.com:apache/commons-lang.git,LANG_1_0,rel/commons-lang-3.12.0,2d274d7cedc148ee3fa8cf4f48904dfd82172bda,105a350b154eac7c3f3a6bac94ec2cfb0fbe232b,Sun Jul 29 03:42:34 2007 +0000,Mon Mar 1 16:41:51 2021 -0500
commons-math,2003-05-12 15:07:54+00:00,2023-03-06 03:03:22+01:00,0,259097,7127,99,git@github.com:apache/commons-math.git,MATH_1_0,rel/commons-math-4.0-beta1,96691abe5ed4a0f67b253cd2f6f789e868a77b22,12ad3420a77611557603d1c7893d588610b2463a,Sun Jul 29 03:42:34 2007 +0000,Wed Dec 21 13:22:46 2022 +0100
connector4java,2013-07-04 05:34:05-07:00,2018-06-13 14:13:39+02:00,0,13086,1502,31,git@github.com:osiam/connector4java.git,connector4java-0.1,1.9,36be511db01fdc8522f281ae309050db92641101,0a92e681382ca3cdff467a3c8a8d225d0ffebed3,Fri Jul 26 14:36:35 2013 +0200,Thu Aug 4 10:07:36 2016 +0200
couchbase-java-client,2012-01-03 19:10:19-05:00,2022-11-08 21:23:48+00:00,8281,101717,1062,32,git@github.com:couchbase/couchbase-java-client.git,1.0.0,2.7.23,e047c66b70564f4d1e6cfa3b2f22530a944bda41,efea23d6c12aaad338766b561f64bfae07bbcfe0,Sun Jan 22 10:44:05 2012 -0800,Mon Jan 31 07:20:42 2022 +0100
craft-atom,2013-01-01 14:19:11+08:00,2016-11-22 14:19:30+08:00,10396,45438,788,3,git@github.com:mindwind/craft-atom.git,craft-atom-1.1.0,craft-atom-3.1.2,4a3920a67b94a66186230dbe02657837dd76f7f3,bb467574a821568c0f851404be2a5a8cfa5b8e30,Tue Jan 15 17:59:37 2013 +0800,Fri Jul 17 17:01:00 2015 +0800
creadur-rat,2008-03-11 23:08:58+00:00,2023-03-02 16:36:42+01:00,9485,16658,1397,26,git@github.com:apache/creadur-rat.git,apache-rat-0.8,apache-rat-project-0.15,faefe707591c489550a134848904147c003d477b,8d32d3a18f10950cefb628bc5c118e113b0456f7,Sat May 19 17:29:04 2012 +0000,Wed Aug 31 22:58:09 2022 +0200
csvjdbc,2001-01-23 09:07:28+00:00,2022-07-29 13:35:12+02:00,0,30458,913,16,git@github.com:simoc/csvjdbc.git,v1.0-7,csvjdbc-1.0.40,4ab901f604320825fc21ba6981e1c0a6a3466242,0b68830d37a9f81d95493fd639737bdf1d890b27,Thu Jan 5 21:43:33 2012 +0100,Fri Jun 17 19:27:20 2022 +0200
curator,2011-07-14 12:59:21-07:00,2023-03-13 15:26:11+08:00,9382,94321,2785,165,git@github.com:apache/curator.git,curator-0.1-SNAPSHOT,apache-curator-5.4.0,d56f64d8282d833b4e417357b207e4ed7de8a214,526e38c77fdd3d24f155ab49886fe7a9d8aab2d5,Wed Jul 20 10:09:32 2011 -0700,Fri Oct 21 08:49:08 2022 +0200
dandelion,2013-01-05 05:54:37-08:00,2015-10-15 22:54:28+02:00,0,31933,570,9,git@github.com:Dandelion/dandelion.git,dandelion-0.1.0,1.1.1,3e158acd3dca4eb8129d02729f592f8456e19e67,ae9e633be2b2dd6f6f025dadb5a2297ef6fd5623,Mon Apr 22 12:54:30 2013 +0200,Mon Aug 10 21:11:39 2015 +0200
dari,2012-09-26 18:54:25-04:00,2018-03-02 13:08:19-05:00,51434,101515,2466,41,git@github.com:perfectsense/dari.git,v3.0.1865,v3.2.2450-7be12b,98140b2ce1d8d18ec76244be5e991bcc33df2a40,7be12b68555b46d6107fdb6e2d1f9487ff8c927c,Thu Jun 25 19:41:45 2015 +0000,Tue May 23 13:41:03 2017 -0400
dasein-cloud-aws,2012-06-23 12:16:41-07:00,2015-06-29 19:09:07+01:00,0,38535,1354,39,git@github.com:greese/dasein-cloud-aws.git,dasein-cloud-aws-2012.09,dasein-cloud-aws-2015.06.3,e13ca4d05e42602ce076cd9b6925d86dd6a158f3,b3c666ff559e48547c17c1083f5aa53e7771c19b,Tue Sep 25 20:44:33 2012 -0500,Mon Jun 29 19:06:04 2015 +0100
dasein-cloud-azure,2012-07-02 06:49:38-07:00,2015-06-26 11:56:37+01:00,0,18718,710,17,git@github.com:greese/dasein-cloud-azure.git,dasein-cloud-azure-2013.02,dasein-cloud-azure-2015.06.2,9b32ddbd41a2eb25154f84df15b33dacfbb758ee,4d2116f5b52602bb1db2bbef027fc8737fe39e72,Tue Feb 26 08:55:59 2013 -0600,Fri Jun 26 11:50:56 2015 +0100
dasein-cloud-core,2012-06-23 11:42:17-07:00,2015-06-22 16:58:51+01:00,0,57570,1341,32,git@github.com:greese/dasein-cloud-core.git,dasein-cloud-core-2012.07,dasein-cloud-core-2015.06.2,7c639853df2a2d297e55577cce7ff75973ea7272,d653d44174f0dc1d0ccfc139981706874e00604a,Wed Aug 1 23:21:06 2012 -0500,Mon Jun 22 16:55:59 2015 +0100
dasein-cloud-google,2012-12-06 07:26:22-08:00,2015-06-29 11:38:16+01:00,0,11913,1488,13,git@github.com:greese/dasein-cloud-google.git,dasein-cloud-google-2014.03.1,dasein-cloud-google-2015.06.6,8d42ed3395b65af04952a4758630906c3c45b2d0,617be52664d78b266b069a5e4bed2487d0fb95a8,Wed Mar 19 14:40:52 2014 +0000,Mon Jun 29 11:33:31 2015 +0100
dasein-cloud-openstack,2012-07-02 06:46:28-07:00,2015-06-22 14:17:03+01:00,0,19525,729,15,git@github.com:greese/dasein-cloud-openstack.git,dasein-cloud-openstack-2012.09,dasein-cloud-openstack-2015.06.2,6d9d653a99020aff00a940d4f5d3ce3f3a6c2946,a8b3203bf7d3f543893cc196c9c50380371993a4,Fri Sep 14 09:37:36 2012 -0500,Mon Jun 22 14:12:00 2015 +0100
datasift-java,2011-06-07 11:51:41+01:00,2018-11-01 10:19:59+00:00,7902,16045,731,38,git@github.com:datasift/datasift-java.git,2.1.0,datasift-java-3.6.4,93d613ebeba49ec65ad9b318325877b1691ed839,5fa64b981c7d2bf55ba60713553c921b9257ff39,Fri Aug 17 15:28:07 2012 +0100,Thu Nov 1 10:19:56 2018 +0000
DependencyCheck,2012-09-06 22:54:16-04:00,2023-03-18 09:30:06-04:00,6230,89225,9522,335,git@github.com:jeremylong/DependencyCheck.git,v0.2.0,v8.1.2,b157f7ad47d54264dd82c6d8034b0a8a4cdeb803,3582a9d1e375031b4d3c2f321a0185f46cde4c92,Tue Oct 23 16:01:54 2012 -0400,Tue Feb 28 06:46:25 2023 -0500
depot,2000-10-23 03:34:28+00:00,2021-08-23 07:39:22-07:00,0,23487,963,15,git@github.com:threerings/depot.git,v1.6.4,depot-1.7.4,10bfeef990dedebb85dd99099c0e02f2d50d2729,a312082d5814730e4011617e1b6d939f7154034f,Wed Jun 25 16:10:57 2014 -0700,Sun Apr 23 07:53:48 2017 -0700
digipost-api-client-java,2011-10-05 14:05:56+02:00,2023-03-16 11:43:02+01:00,3459,17419,1101,56,git@github.com:digipost/digipost-api-client-java.git,digipost-api-client-java-1.0,15.7,99014f80e1f45fc0943577c9ffc8337fa58eef6a,a903e8435bc8951c5add5996f26066a9017f6383,Fri Oct 7 08:09:54 2011 +0200,Mon Mar 13 12:32:46 2023 +0100
directory-fortress-core,2011-09-11 11:28:10-07:00,2023-01-21 07:26:27-06:00,30920,126622,1978,24,git@github.com:apache/directory-fortress-core.git,v1.0-RC27,2.0.8,24a936404885fb9fa4d04aa9a90260c930c5489b,137c2019218903a06da0522530251db4c942b111,Sun Jun 30 16:43:33 2013 -0500,Sat Jul 16 06:34:01 2022 -0500
directory-server,2004-01-31 03:36:01+00:00,2022-10-16 00:09:32+02:00,0,319431,9926,49,git@github.com:apache/directory-server.git,release-0.8,2.0.0.AM26,c42caa3df497193fef15431e0c5d9303fb226d20,8c9b56bdcc0703b04b8e2dbdc4f045ed5d83a064,Sun Mar 13 23:49:40 2005 +0000,Fri Feb 28 00:19:53 2020 +0100
docker-maven-plugin,2014-03-25 23:10:05-07:00,2020-09-14 08:32:30+02:00,0,42416,2046,196,git@github.com:rhuss/docker-maven-plugin.git,v0.9.0,docker-maven-plugin-0.16.9.redhat-000006,b9b1f53f62255ee38e08caafed7fda65af3b0c6f,7335b69d2ddbc3ee6cba4b7974674b09dfdef3ef,Fri May 16 10:25:13 2014 +0200,Fri Dec 16 19:48:56 2016 -0500
dropwizard,2011-05-09 18:55:45-07:00,2023-03-18 00:42:46+00:00,0,81197,6869,548,git@github.com:dropwizard/dropwizard.git,v0.0.1,v4.0.0-beta.4,e3efe5ecf10f0eee76064798454345cd51560300,cbbacd5247e2c8c0c208786b8d580ca29778a375,Mon Mar 14 21:13:04 2011 -0700,Fri Feb 24 10:22:38 2023 +0100
dungeon,2014-11-18 15:17:56-02:00,2021-01-31 16:59:55+01:00,6369,21067,1133,15,git@github.com:mafagafogigante/dungeon.git,v0.0.4,v6.2.0,76e49f7e52189106ed0af584a4a21bc52e16bf8c,fc5fa0bf8f4dd5ce8034f071ec14915147aef764,Tue Dec 30 18:11:10 2014 -0200,Mon Mar 6 08:35:43 2017 -0300
easy-batch,2012-08-13 10:49:51-07:00,2021-03-14 21:09:56+01:00,0,31730,1953,27,git@github.com:benas/easy-batch.git,cb4j-1.4.0,easy-batch-7.0.2,faf21dbc4acb7b40ae00f6c645cf3e9e309ceb8b,11dda0e8bf47cc9d67ced1d729d214f03d86ac18,Sat Sep 21 14:22:06 2013 +0200,Sun Mar 14 20:24:00 2021 +0100
effektif,2014-12-30 11:10:23+01:00,2016-09-29 10:55:29+02:00,0,46984,890,15,git@github.com:effektif/effektif.git,v3.0.0-alpha1,v3.0.0-beta14,26e638fffcac223d5a1187bf19548ad609dba7f9,6f6ba3ae55e69c4419e27da62a2ea6e14a95b536,Sat Mar 14 08:37:52 2015 +0100,Thu Jun 2 17:16:40 2016 +0200
epubcheck,2007-12-15 06:55:00+00:00,2023-01-11 16:45:34+01:00,0,40151,1259,57,git@github.com:IDPF/epubcheck.git,v1.0.0,w3c/epub-33-cr-report,37abe175a78194a5d61fd237dbd1da6e3e852a56,86484a23e2e1c462596243cbf1205ae088a050fc,Sat Sep 6 01:39:42 2008 +0000,Thu Jan 12 09:51:38 2023 +0100
error-prone,2011-09-14 22:10:29-07:00,2023-03-17 07:16:57-07:00,1013,309528,5924,327,git@github.com:google/error-prone.git,v2.0,v2.18.0,5d2633c25809607336927e12d64d580a44ccab85,34730decfeb81a35909db858399387f81c06c01f,Wed Jan 28 14:42:08 2015 -0800,Mon Jan 9 17:15:41 2023 +0000
es6draft,2013-01-26 17:46:46+01:00,2018-04-15 14:21:10-07:00,49236,205230,1870,4,git@github.com:anba/es6draft.git,rev15,rev37,587f1088f2142c01c5bf599b15137bfc0ca069c1,3f734f15806fe63a9befafd4b85542d4f602a69e,Tue Jul 16 12:15:32 2013 +0200,Thu May 7 18:57:21 2015 +0200
experimaestro,2010-01-18 23:04:29+00:00,2019-12-12 17:25:01+01:00,0,0,1505,7,git@github.com:bpiwowar/experimaestro.git,v0.2.2dev,v0.11.0,43970572f50c3e1c89a9a4c9fcefbc9eb1df98fd,1f1f6a5f3b424203a429e9cb78e6548037adefa8,Wed Dec 19 06:43:23 2012 -0600,Sun Sep 18 02:28:41 2016 +0300
extdirectspring,2010-06-18 05:36:10+00:00,2023-02-25 16:35:50+01:00,0,32023,1756,14,git@github.com:ralscha/extdirectspring.git,extdirectspring-1.0.0,extdirectspring-2.0.0,74e1f87b12c57a3abcd1b36150352c43c57487b0,c621e6494611e069ceb34474720d42ca88fa5b77,Sun Jul 4 10:28:15 2010 +0000,Sat Feb 18 18:40:13 2023 +0100
facebook4j,2012-08-30 13:28:02+09:00,2019-01-04 12:01:19+09:00,32156,65334,701,29,git@github.com:roundrop/facebook4j.git,facebook4j-core-1.0.0,2.4.13,79484af2463a9c8a88bf1fe9c08634c868fa1d7f,e303674ff25bf98f70441ebb5ab0bc3a5b5dea6a,Wed Sep 26 02:05:16 2012 +0900,Fri Jan 4 12:14:12 2019 +0900
fb-contrib,2011-07-23 16:19:26-04:00,2023-03-16 22:16:21-04:00,28814,57210,3657,28,git@github.com:mebigfatguy/fb-contrib.git,v6.0.0,v7.6.0.sb,37ecaf6e0d06708bcedc6b30e2d4932dad9c7944,21619da1d884ef137dc19e092087511f9cf2ba87,Fri Jul 25 20:56:45 2014 -0400,Wed Mar 15 19:00:01 2023 -0400
finmath-lib,2013-03-17 09:55:47+00:00,2023-03-17 10:39:19+01:00,12644,275825,4581,37,git@github.com:finmath/finmath-lib.git,finmath-lib-2.2.1,finmath-lib-6.0.12,46b10ce74b3ace0982efab4ed1a82fdac690ecd3,938e85aefc25fb77fb1109d4822fa1f50ff62a8c,Mon Jun 20 13:04:31 2016 +0200,Sun Jan 8 17:17:20 2023 +0100
firefly,2012-02-16 16:21:14+08:00,2023-01-28 14:45:13+08:00,7662,66449,3306,9,git@github.com:hypercube1024/firefly.git,firefly-1.2_01,firefly-5.0.2,b712162bc478c81d84595c0482d826bd04a42d0f,9100c7f0ba90e6e2d7b1025c0695d613518315a0,Fri Feb 17 21:01:28 2012 +0800,Fri Jun 24 11:50:09 2022 +0800
fiware-cygnus,2014-02-06 23:57:41-08:00,2023-03-10 11:24:45+00:00,0,77103,6124,109,git@github.com:telefonicaid/fiware-cygnus.git,release-0.1,2.20.0,b0e92ee6674a6de38cfbebf40fce08ca33b0da7c,e3c52bb971d07dcbcaf967a0b7c03c2d56422986,Thu Mar 20 13:17:14 2014 +0100,Tue Oct 18 15:47:26 2022 +0200
flatpack,2005-11-26 11:50:47+00:00,2023-02-25 21:28:38+00:00,0,13009,761,16,git@github.com:Appendium/flatpack.git,1.0.5,flatpack-parent-4.0.18,763639d4b7d908ef579d917262a486cb270b02dd,62b15e1c560ac1bc1e23226336ad65616715c913,Sat Nov 26 11:50:47 2005 +0000,Mon Dec 27 12:56:28 2021 +0000
FluentLenium,2011-07-22 15:34:07+02:00,2023-03-15 08:16:45+01:00,1279,67252,2966,102,git@github.com:FluentLenium/FluentLenium.git,FluentLenium-0.1,v5.0.4,a72cb7fb1e767d155c41c70ca0f0696fdcdb458a,97af3e59622bbf844bab6db00673a75c898e0419,Wed Aug 3 23:06:20 2011 +0200,Tue Jun 14 17:13:50 2022 +0200
gedcomx-java,2011-03-02 02:19:13+00:00,2023-03-16 10:35:11-06:00,2702,68165,2646,52,git@github.com:FamilySearch/gedcomx-java.git,0.33.0,2.151.0,b80928046bc94f481586f05fa0824090cd75a5e3,2f860df345212e65cda71a7adfda072818bb783e,Thu Feb 28 17:09:39 2013 -0500,Thu Mar 16 10:35:08 2023 -0600
git-client-plugin,2013-02-18 08:25:44+01:00,2023-03-18 01:21:06+00:00,0,31929,3367,140,git@github.com:jenkinsci/git-client-plugin.git,git-client-1.0.0,git-client-4.2.0,f1076580cbece1c080bad9d10b61615dd2094523,919f491552b7a6186343d4370b04d07be978c1eb,Mon Feb 18 16:53:35 2013 +0100,Fri Mar 17 18:19:55 2023 -0600
github-api,2010-04-18 21:07:10-07:00,2023-02-26 12:41:07-08:00,710,65487,3777,276,git@github.com:kohsuke/github-api.git,github-api-1.0,github-api-1.314,d50e652eae2787f157bcdf6956ca9d72317d630c,37d653514b590814c97bcb2191859bc025755af5,Sun Apr 18 22:04:26 2010 -0700,Sun Feb 26 12:41:06 2023 -0800
gooddata-java,2014-04-10 21:08:35+02:00,2023-03-02 13:24:02+01:00,297,47384,1895,62,git@github.com:martiner/gooddata-java.git,gooddata-java-0.8.0,gooddata-java-parent-3.11.1+api3,9d6873a0f468a5761f57fa016ed2d545f1341cbf,6586fae8f82fd129a3dfef721ef3971e91cba0f5,Wed Jul 2 18:59:23 2014 +0200,Tue Jul 19 13:31:52 2022 +0200
gradoop,2014-11-07 15:43:20+01:00,2022-10-19 11:05:21+02:00,841,186131,1221,52,git@github.com:dbs-leipzig/gradoop.git,v0.1,v0.6.0,ec1bc699795d7b7989f3860e3e41af25d49ad7bd,4a29ed863295807fd43aaa89d2dd5de17eb11df7,Thu Dec 10 15:57:26 2015 +0100,Mon Mar 29 11:48:34 2021 +0200
guava,2009-06-18 18:11:55+00:00,2023-03-14 18:04:28-07:00,0,785867,5964,464,git@github.com:google/guava.git,v2.0,v31.1,f5ad01f0326405c321a4d1a7bbafb01b7d4d5074,0a17f4a429323589396c38d8ce75ca058faa6c64,Mon Jan 11 17:13:23 2010 +0000,Mon Feb 28 16:06:35 2022 -0500
gwtbootstrap3,2013-08-16 08:09:05+02:00,2019-11-14 09:21:31-08:00,0,31584,1034,59,git@github.com:gwtbootstrap3/gwtbootstrap3.git,0.1,v1.0.1,4d2e2121d4b04b48973ebfa30ecd61da9ff39241,9cc1b42ff8526daf86dbdcd7ac3844af4c1dcb85,Sat Aug 31 18:43:12 2013 +0200,Thu Nov 14 08:20:41 2019 -0800
hasor,2009-10-08 07:54:21+00:00,2021-06-21 12:38:02+08:00,0,215236,3796,23,git@github.com:zycgit/hasor.git,tag-oldVersion,Release.Hasor-4.2.5,14bb7e45a9070dc7173fab3a481c687eb0557764,347d56bef8d10325fb4a3e948794aa9b0ff5bb3e,Mon Jul 1 03:35:00 2013 +0000,Wed Mar 31 11:31:40 2021 +0800
hazelcast,2008-12-15 11:41:01+00:00,2023-03-17 16:56:00+01:00,0,1849765,36926,533,git@github.com:hazelcast/hazelcast.git,v2.0.2,v5.3.0-BETA-1,26afd2a9be3b4ed7f51b0394ac0e04e58248d3c8,88e96ac491b751c0d1e9883847e1f9523db81114,Mon Mar 26 10:00:02 2012 +0300,Fri Mar 17 06:49:02 2023 +0000
hk2,2007-03-02 00:15:23+00:00,2018-08-31 11:59:15+05:30,0,312177,9359,93,git@github.com:hk2-project/hk2.git,2.2.0-b20,2.5.0-b62,f07b14874b43ef6bcbe833122c8b41f188bc0c03,119816e4cf22861ba64fcb132c335f1776a66874,Mon Oct 7 17:05:56 2013 -0700,Fri Aug 3 15:12:22 2018 +0530
hppc,2010-03-02 17:17:46+00:00,2021-12-15 10:44:01+01:00,0,21896,658,20,git@github.com:carrotsearch/hppc.git,0.1.0,0.9.1,752713717d596bc7d4a6ca2cc1f552eb636f2a2c,fdd052509e6aab08f05951545229c9eb2b630411,Wed Mar 3 10:38:03 2010 +0000,Wed Dec 15 10:32:27 2021 +0100
httpclient,2005-12-21 18:47:13+00:00,2023-03-17 11:23:07+01:00,0,119747,3429,117,git@github.com:apache/httpclient.git,4_0_API_FREEZE,rel/v5.2.1,ea2d35360eb8a2c27fce57047d23fcd0e6f213bf,d8f702fb4d44c746bb0edf00643aa7139cb8bdf7,Thu Jul 24 20:14:57 2008 +0000,Wed Dec 7 14:04:23 2022 +0100
ij1-patcher,2014-02-28 15:11:25-06:00,2023-02-22 18:02:10-06:00,0,13369,448,14,git@github.com:imagej/ij1-patcher.git,ij1-patcher-0.1.0,ij1-patcher-1.2.5,77ac1ce5420ea31973a371b1df9cdde651a1a65a,d3709b028a6cb23d1e74031d85b35e3f3af05f6d,Sat Mar 1 00:48:21 2014 -0600,Wed Feb 22 18:02:10 2023 -0600
imglib2,2009-11-02 10:19:01+01:00,2023-03-07 17:52:22-05:00,17214,115684,5322,82,git@github.com:imglib/imglib2.git,v2.0.0-beta1,imglib2-6.1.0,625bfa3aca77029ee6804baaa69c00d8f99687a0,ea800b1d3549404c69fabe496eda1119e4fbd4e2,Tue Apr 3 22:58:45 2012 -0500,Tue Mar 7 17:52:21 2023 -0500
immutables,2013-07-07 06:48:23-07:00,2023-03-15 10:10:31-04:00,0,110763,2593,108,git@github.com:immutables/immutables.git,root-0.11,2.9.3,cccaac0d5fa8fd883c17de49d799f3b400de5d87,6e192030320eaf7a8b5f146c39ae5a17b413aa37,Fri Jan 3 17:54:50 2014 +0200,Tue Dec 13 16:10:55 2022 -0500
infovore,2012-11-01 18:56:01-07:00,2014-12-16 13:52:55-05:00,0,14468,624,33,git@github.com:paulhoule/infovore.git,v1.0,infovore-3.2,f6b4fe8d20de4876f76007bebde0160914c60f76,44beb4be1a79e7af4c201993c23688603a022edf,Mon Nov 26 11:53:37 2012 -0500,Tue Nov 25 18:06:25 2014 +0000
jackcess,2005-04-07 14:32:19+00:00,2022-10-29 18:42:37+00:00,0,68953,1216,3,git@github.com:jahlborn/jackcess.git,rel_1_0,jackcess-4.0.4,bc299037cd36c38bdcd302b29308e1908c7965e0,9f110f6f0845a48433a0f6769e4594b7ffd47db9,Thu Apr 7 16:43:43 2005 +0000,Sat Oct 29 18:42:35 2022 +0000
jackrabbit-oak,2012-03-06 10:47:25+00:00,2023-03-17 22:11:00+01:00,0,887555,18348,100,git@github.com:apache/jackrabbit-oak.git,jackrabbit-oak-0.1,jackrabbit-oak-1.50.0,751141fe46bbad962415675dde1b58d3fef547c3,cba5bb6c68063b9d1375db76895cae981df729e3,Fri Mar 30 09:41:39 2012 +0000,Fri Mar 17 22:10:55 2023 +0100
jackson-core,2011-12-22 18:06:25-08:00,2023-03-16 16:43:01-07:00,0,106859,2384,95,git@github.com:FasterXML/jackson-core.git,jackson-core-2.0.0,jackson-core-2.14.2,29fffe6a08161434c234a48f8a6df2b0c49b3b6f,02aba8a36aa4c62e02196ee1d64c027a2d03ecdd,Sun Mar 25 11:54:23 2012 -0700,Sat Jan 28 16:53:29 2023 -0800
jackson-databind,2011-12-22 23:25:27-08:00,2023-03-17 20:07:25-07:00,0,227615,6887,267,git@github.com:FasterXML/jackson-databind.git,jackson-databind-2.0.0-RC1,jackson-databind-2.14.2,9af5904b805fa07a00757fe2d24c1f931b502254,52c74def0e487e1149bdc63783b1086ddcb095b7,Sun Feb 19 00:03:58 2012 -0800,Sat Jan 28 17:31:02 2023 -0800
jackson-dataformat-xml,2010-12-30 21:02:45-08:00,2023-03-13 20:58:44-07:00,0,23510,1421,37,git@github.com:FasterXML/jackson-dataformat-xml.git,jackson-dataformat-xml-2.0.0,jackson-dataformat-xml-2.14.2,054e6fbf771d925bb35d6292dc19130ce5302716,7cd1f52da67278ddd98baf811dcc1ecbb95daef9,Sun Mar 25 13:17:18 2012 -0700,Sat Jan 28 17:57:41 2023 -0800
jannovar,2012-07-14 17:52:41+00:00,2022-09-13 10:03:38+02:00,0,93631,2052,41,git@github.com:charite/jannovar.git,v0.11,v0.41,267dc9252c41dbebf3d39dd39568dfba22988e69,17379a7ecb4a3f9fd23fd80137cfa3a9456e24ce,Thu Jan 15 12:19:24 2015 +0100,Tue Sep 13 10:03:36 2022 +0200
Java-Lang,2013-05-27 02:02:48-07:00,2019-04-05 18:43:51+01:00,0,39403,1076,39,git@github.com:OpenHFT/Java-Lang.git,Java-Lang_6.0,lang-6.8.18,6b93f0b5e16c9b14f8451908c369a240ed08d8e4,b5f78cad021e32023746ed4c821840c5f09393ab,Sun Sep 8 17:55:52 2013 +0100,Tue Nov 6 16:09:18 2018 +0000
java-util,2011-10-21 16:19:21-07:00,2021-05-21 21:22:39+03:00,0,30472,574,40,git@github.com:metamx/java-util.git,java-util-0.0.0,java-util-1.3.8,2cca0db89fc3f5dc93889d09a442b0b5568cbe29,5848fa6550cb0a0fff55fd1802068453fb0f83f8,Fri Oct 21 17:34:58 2011 -0700,Fri May 21 21:22:35 2021 +0300
javamailspec,2003-08-14 16:12:52+00:00,2014-10-29 11:41:43+01:00,2633,251147,1682,40,git@github.com:salyh/javamailspec.git,1_0_1,geronimotestspass,743918114f5c4aa2c8228770e2e3bc6505acde92,5ca0b5bb02ad52d760dc114f86cf9f4b92c6ab39,Tue Dec 13 07:42:24 2005 +0000,Mon Aug 4 22:53:50 2014 +0200
javasimon,2008-08-04 22:53:01+00:00,2022-02-10 08:54:03+01:00,0,37473,1346,28,git@github.com:virgo47/javasimon.git,v1.0@493,v4.2.0,2325822ba687a4fa6a532c95a5c96b4351c494e1,2ff674ba2b0f99f0f9cf2f0f380f0cd17dc66d21,Mon Dec 15 18:51:38 2008 +0000,Sun Oct 27 15:45:36 2019 +0100
javassist,2003-04-22 13:47:06+00:00,2022-10-03 00:49:13+09:00,0,114994,992,62,git@github.com:jboss-javassist/javassist.git,rel_3_17_1_ga,rel_3_29_2_ga,7ff52ac61b307d6a785ae458d06bdf52335ae79c,049c06e9d6c8ebd737fc1124b811cb75568f6c6b,Sat May 25 00:38:16 2013 +0900,Wed Sep 14 06:26:47 2022 +0900
jaxb2-basics,2009-05-23 11:13:22+00:00,2022-04-26 15:25:06-05:00,0,24523,630,16,git@github.com:highsource/jaxb2-basics.git,0.8.4,0.13.1,7c4c42cb5f1d4233fa4efcfeba778db7976f009f,3460726dee053388c0a37fa72f624c53be8674a9,Sat Sep 27 01:32:03 2014 +0200,Tue Apr 26 15:03:33 2022 -0500
jaxb2-maven-plugin,2006-02-12 07:17:59+00:00,2015-07-15 22:28:42+02:00,507,14622,263,13,git@github.com:lennartj/jaxb2-maven-plugin.git,jaxb2-maven-plugin-1.0,jaxb2-maven-plugin-2.1,d2e251c0aad22a619d92973271e733f60efa0ce7,019e13417cdaf4780633094df0251cb4affa385d,Tue Nov 22 11:06:16 2011 +0000,Sat May 2 12:01:47 2015 +0000
jboss-ejb-client,2011-08-22 21:38:30+05:30,2023-02-22 10:16:01-05:00,707,29171,1275,59,git@github.com:jbossas/jboss-ejb-client.git,1.0.0.Beta1,4.0.51.Final,079c572baa95b83e6219af526983372d5ef07c9d,d907c14f46dcb1ecb7396eb90508e3396636c3bd,Wed Sep 28 10:04:30 2011 -0500,Tue Feb 14 14:28:30 2023 +0100
jbossws-spi,2007-08-01 21:55:27+00:00,2023-02-13 18:52:19+08:00,16498,10922,486,18,git@github.com:jbossws/jbossws-spi.git,jbossws-spi-1.0.0.GA,jbossws-spi-4.1.0.Final,15fcc8cfda73c720cd916edf137263c83363d31f,6fd3447175d5055456d6fdf097269787c210a4c9,Fri Aug 17 13:58:56 2007 +0000,Mon Jun 13 10:09:08 2022 +0800
jcunit,2017-03-08 02:05:21+09:00,2022-02-19 06:12:14+09:00,28745,12632,212,9,git@github.com:dakusui/jcunit.git,jcunit-0.0.2,jcunit-0.8.17,6271b9543120bb199a521b22fa3749ade1c7d1e4,c7caf021959e3ef0736cc0aa85c6120cd52d58f0,Thu Aug 29 04:13:33 2013 +0900,Wed Feb 13 06:48:52 2019 +0900
jenkins-sonar-plugin,2008-07-14 20:53:03+00:00,2023-02-06 08:26:19+01:00,248,13782,897,83,git@github.com:SonarSource/jenkins-sonar-plugin.git,sonar-0.1,sonar-2.15,1c3f8ca5c7ba1b34cbf30aa15e81b111ce7c8647,dbf142c624ad3b7add01add329a85ea25f6a1714,Mon Jul 14 21:19:01 2008 +0000,Tue Nov 22 14:43:04 2022 +0100
Jest,2012-05-21 06:37:50-07:00,2021-06-22 19:35:40+03:00,0,29478,1153,132,git@github.com:searchbox-io/Jest.git,jest-0.0.1,v5.3.4,c094ac4637b39c0553de7808a2993248fb4148f3,ccaabd699375491bee801b0150919a5aee7470c6,Sun Sep 23 13:33:23 2012 +0300,Mon Aug 13 12:04:24 2018 +0300
JGroups,2003-09-09 01:24:04+00:00,2023-03-17 12:08:56+01:00,93198,163221,19790,141,git@github.com:belaban/JGroups.git,bla2,jgroups-5.2.13.Final,b86582aedd5a11ba1ab16b64040cbd755ae0d439,b24e5dcdd79cf10e1e5edba0f22bc30986bc4299,Tue Sep 9 01:24:04 2003 +0000,Tue Mar 14 12:50:53 2023 +0100
jline2,2006-07-22 02:59:28+00:00,2019-03-08 12:09:04+01:00,5157,15963,738,65,git@github.com:jline/jline2.git,jline-2.0,jline-2.14.6,d5d2d477d0aa6f12dc8ee9273098715d6581af37,336af97205b798969eca19f0e905ef3f5b43fd33,Thu Nov 26 14:27:49 2009 +0700,Mon Mar 26 11:15:14 2018 +0200
jmeld,2006-03-09 07:44:59+00:00,2021-12-01 20:05:25+01:00,0,37355,658,7,git@github.com:albfan/jmeld.git,1.0,3.6.0,7aefbd37444dfd0360bdd962858a7661c916ff8b,8cedc093217b01918b19ec3e0d3dad39366b6d9a,Sun Dec 31 13:40:55 2006 +0000,Wed Dec 1 20:03:15 2021 +0100
jmeter-plugins,2009-07-02 18:06:40+00:00,2023-03-16 15:42:26+00:00,0,69529,3382,124,git@github.com:undera/jmeter-plugins.git,v1.1.0,1.4.0,ab320440d027129198ba40d1de1960bab93c4b1a,3d1ee154c117cbc682558eb9274a4659f34a17de,Mon Jul 1 14:57:55 2013 +0400,Tue Apr 5 13:52:16 2016 +0300
jndn,2013-10-28 16:42:14-07:00,2023-03-04 14:24:42-05:00,0,109964,2286,16,git@github.com:named-data/jndn.git,v0.1,v0.25,f593b27d84d45242de0b5db6df13163362388f0c,44735e880923ebfb35d2efd2b523dc1003a81327,Wed Aug 27 09:47:38 2014 -0700,Fri Jan 22 04:30:30 2021 -0800
jongo,2011-12-20 14:24:32+01:00,2022-12-05 00:01:46+01:00,195,13228,1077,54,git@github.com:bguerout/jongo.git,jongo-0.1,1.5.1,9fb34a43db1184a5538069e79738b25e97b6a5c8,da95c40501560a467e584abe4704cdc3884d3027,Tue Mar 20 19:58:43 2012 +0100,Sun Dec 4 22:45:31 2022 +0000
jqassistant,2013-03-19 07:35:05-07:00,2022-12-20 18:23:26+01:00,0,0,1952,36,git@github.com:buschmais/jqassistant.git,1.0.0-M1,1.1.4,a6026b875cc7ee996ed4f19060a8debce02f65ba,9e73499da4706fe88369efad4f0f4693d0ea448d,Wed Aug 28 22:37:46 2013 +0200,Thu Nov 10 23:21:32 2016 +0100
JSCover,2012-09-28 16:05:16+10:00,2023-01-23 15:46:22+11:00,2539,60997,1606,14,git@github.com:tntim96/JSCover.git,v0.0.1,v2.0.16,6ece5d4cd1ed0c4b8a1d684b0fe76332207736df,8b9734a715381f7ff291a40b22997e47fc59dbe8,Mon Oct 1 17:14:40 2012 +1000,Wed Nov 2 11:54:11 2022 +1100
json-io,2013-09-04 08:44:03-07:00,2022-10-14 16:50:31-04:00,0,9406,1064,36,git@github.com:jdereg/json-io.git,json-io-2.2.9,4.14.0,e2a9ad1f56f2ee074ac2c2adce9c91cc1379e248,872fc4be4bbff114bf08a7fe9428bea4e5c3a546,Sun Sep 8 21:42:32 2013 -0400,Sat Oct 15 07:26:41 2022 -0400
jsonj,2011-05-30 22:13:29+02:00,2021-10-18 14:42:33+02:00,1469,9694,678,8,git@github.com:jillesvangurp/jsonj.git,jsonj-0.1,v2.56,5f93ec024a6c7a92455cb6a1e7611dfdfae3952f,6fcc6d5c606a1e3d3d5ee9da89a9a0561385d923,Mon May 30 22:15:36 2011 +0200,Wed Oct 31 18:17:44 2018 +0100
jsr107tck,2011-05-19 16:58:19+10:00,2019-05-13 11:52:03+10:00,0,18381,662,15,git@github.com:jsr107/jsr107tck.git,0.2,1.1.1,dc020d7626167b6fac4c360d44e130dfde0ea07c,9b6660854664bab1f489a63e5ac9fd99b4b2f3f3,Wed Aug 17 10:36:00 2011 +1000,Fri May 10 15:51:29 2019 +1000
JUberblog,2013-10-03 22:03:02+02:00,2020-04-24 21:20:53+02:00,51,9056,704,4,git@github.com:Weltraumschaf/JUberblog.git,0.1.0,first-attempt,5db589735d7ff55c597a18fca6c94935ad9ed379,65166f5141acdf87a5a3fb4c04f69a93a9d4b87c,Fri Oct 4 13:41:34 2013 +0200,Tue Nov 25 21:02:59 2014 +0100
junit,2000-12-03 14:36:14+00:00,2023-02-06 19:44:22-08:00,5206,45198,2506,232,git@github.com:junit-team/junit.git,r3.8.2,r4.13.2,a0f0ee1b3f72d9361eb09b3a25156c69a748aa47,05fe2a64f59127c02135be22f416e91260d6ede6,Tue Dec 28 17:19:01 2004 +0000,Sat Feb 13 17:30:53 2021 +0100
junit-plugin,2014-08-11 10:53:43-04:00,2023-03-17 13:58:56+00:00,1199,15297,1189,162,git@github.com:jenkinsci/junit-plugin.git,junit-1.0,1189.v1b_e593637fa_e,edf254107dcbfbe2baa72b12fc9ac4746537517c,1be593637fae73386a9c09f69f3c40cacd9eb072,Mon Aug 11 13:36:11 2014 -0400,Fri Mar 17 14:58:56 2023 +0100
killbill,2011-10-28 15:06:57-07:00,2014-04-29 07:36:31-07:00,16816,150325,3867,12,git@github.com:ning/killbill.git,killbill-0.0.5,killbill-0.11.2,e4abb2f02c913068407a3882c29d1502f61cba12,3030c716b65ce730b39284ef79aa5b335464e4da,Wed Nov 2 15:00:21 2011 -0700,Fri Apr 25 09:07:25 2014 -0400
KittehIRCClientLib,2013-04-16 21:42:12-04:00,2021-09-30 23:24:45-04:00,0,38021,1301,22,git@github.com:KittehOrg/KittehIRCClientLib.git,0.1.0,8.0.0,c39a21586d10018298b51889932adaa6ba5e32fc,f7317e61d7ebd48a4293c5b10c67d576a95943de,Sat Nov 29 00:21:33 2014 -0500,Thu Apr 1 17:51:11 2021 -0400
kontraktor,2014-01-05 15:08:46+01:00,2023-03-16 14:29:09+01:00,1227,58744,1665,16,git@github.com:RuedigerMoeller/kontraktor.git,v1.0,4.19,94b275ab98d1e100d2f3171f4462fe61c54ba7c9,a8d0c1526cc33e976a083da6ea0acfbcb4eeb125,Sun May 11 19:35:12 2014 +0200,Wed Dec 27 15:13:16 2017 +0100
ldbc_driver,2010-04-19 13:50:19-07:00,2023-03-03 14:36:49+01:00,5178,55006,1676,59,git@github.com:ldbc/ldbc_driver.git,0.2,v2.0.0-RC1,55f7ac0ab5c95a9074d7dd45e09d04b42065df05,8e25111ee07883dcb8514d53e20f542766b98052,Thu Apr 16 22:43:45 2015 +0200,Wed Dec 28 18:54:26 2022 +0100
mahout,2008-01-15 03:13:56+00:00,2023-03-17 15:21:30-06:00,0,180082,4552,75,git@github.com:apache/mahout.git,mahout-0.1,mahout-14.1,bee952edafdfb517191d3013d8d29a7d574c6a51,a3a17053bd36cfcbeddb7dd6949d5711079f29f0,Wed May 12 16:07:37 2010 +0000,Fri Sep 11 09:35:17 2020 -0700
MapDB,2012-08-17 16:52:15+01:00,2021-02-13 18:43:29+02:00,9660,26545,2184,46,git@github.com:jankotek/MapDB.git,jdbm-4.001-alpha,mapdb-3.0.9,479e90607e84b887ff5e03c6dcedb2f70456409e,f7bda68d71e4286dad7a90c17f51701927962316,Sat Oct 20 22:49:31 2012 +0100,Thu Nov 24 14:38:06 2022 +0200
matrix-project-plugin,2006-11-05 21:16:01+00:00,2022-07-14 14:45:35-04:00,0,7328,785,101,git@github.com:jenkinsci/matrix-project-plugin.git,matrix-project-1.0-beta-1,785.v06b_7f47b_c631,fc7cc761d7d35afa629b73e714f70199210634b5,06b7f47bc631d63212a680231b6979e4e61da7ee,Mon Apr 14 21:47:03 2014 -0400,Thu Jul 14 14:45:35 2022 -0400
maven-shared,2005-11-28 21:19:46+00:00,2017-12-22 11:27:19+00:00,0,97942,3387,49,git@github.com:apache/maven-shared.git,file-management-1.0,maven-reporting-exec-1.4,4e5165004293c550801a1227ac289355aecb7eef,1f314f795da592ded6e6692b1634ddecef5d5900,Mon Feb 20 03:59:58 2006 +0000,Thu Oct 12 23:54:22 2017 +0000
metrics,2011-05-11 10:14:58+07:00,2023-03-17 22:55:28+01:00,4924,43056,3430,282,git@github.com:dropwizard/metrics.git,v1.0.0,v4.2.18,abada4c98f2ed381d989a59a058477e303a1056e,d6ff88b3db3a5685b87056921241de9520b8c2e9,Sat Feb 27 12:57:19 2010 -0800,Fri Mar 17 22:55:27 2023 +0100
mgwt,2011-01-04 19:59:51+00:00,2015-03-09 17:28:49+01:00,0,39853,1297,29,git@github.com:dankurka/mgwt.git,v1.0.0-alpha1,2.0.0-rc1,18b6d87edaa90e451bfc122a739bab3be93e4e8b,26aae5dd44457a8c0130ccb27a36cca45de971b7,Tue Oct 11 00:30:53 2011 +0200,Tue Aug 19 00:29:02 2014 +0200
mina-sshd,2008-12-04 16:24:17+00:00,2023-01-28 12:09:28+01:00,0,204937,2643,87,git@github.com:apache/mina-sshd.git,sshd-0.1.0,sshd-2.9.2,d62fc2faa79843295f285197d79916fb5c8a2dec,fbbbb7b6af7fdf1765f297a96dfec3f198f5fd7d,Fri Jun 12 14:28:15 2009 +0000,Wed Nov 9 15:17:42 2022 +0100
moquette,2012-01-03 18:25:50+01:00,2023-03-16 13:20:09+01:00,3073,20991,1372,67,git@github.com:andsel/moquette.git,last_osgi,v0.13,d850262e6c62f0b80332bbec108a0131600f59f5,d68cc638802a2b1e4bd9d6254f588460d8ab5cc6,Mon Apr 6 23:33:00 2015 +0200,Sat Apr 11 15:37:14 2020 +0200
morphia,2010-01-06 13:36:08+00:00,2023-03-16 19:10:40-04:00,0,72504,3206,82,git@github.com:mongodb/morphia.git,pre-lazyref-merge,r2.3.0,f6d54939a8bfc63ea4b7c1b65f7b6b852860e207,e130cf3db764e5655889b8f5872732a922d08132,Tue Jun 8 17:38:41 2010 +0000,Mon Dec 5 23:43:54 2022 -0500
mp4parser,2010-03-29 13:12:13+00:00,2022-04-26 13:54:20+02:00,15158,56812,1512,48,git@github.com:sannies/mp4parser.git,mp4parser-project-1.0.3,mp4parser-project-1.9.56,27ebdb3f001cce366541bab9f708e6dc0a01eef9,f8f351bace8420de40d1ca026a8b894c31c8be1c,Tue Jul 22 19:10:25 2014 +0200,Tue Apr 26 13:54:18 2022 +0200
mule-common,2012-09-17 16:44:47-03:00,2020-02-04 14:36:56-05:00,22,16845,388,55,git@github.com:mulesoft/mule-common.git,0.11.0,3.9.5-20230313,34d0a95d7388f845994cbffe953474d52fc4035b,c20f2357daf1eb2ec5fb09408ac72998faa12828,Thu Mar 28 09:09:18 2013 -0700,Mon Mar 13 16:36:00 2023 -0300
mybatis-3,2010-05-17 05:34:34+00:00,2023-03-17 18:51:45-04:00,70916,102743,4576,271,git@github.com:mybatis/mybatis-3.git,mybatis-3.0.1,mybatis-3.5.13,2bb7d63df0136109be73c325b106dfd673d80e1f,17f5ac72062b3cdf25be21767a757ce0de05485f,Fri Feb 15 18:16:18 2013 +0900,Sat Mar 11 14:47:06 2023 +0900
mybatis-spring,2010-08-12 05:48:44+00:00,2014-09-28 14:08:30+08:00,0,7364,819,15,git@github.com:zyong2004/mybatis-spring.git,mybatis-spring-1.1.1,mybatis-spring-1.2.2,3d2e40fefa5f9ed26d48362bdb68599aabc0d142,a0228837ceb60723bc5c7a8c5c99e5d5a569fe7b,Sun Feb 17 19:06:05 2013 +0900,Sat Jan 18 19:42:55 2014 +0100
nbm-maven-plugin,2006-06-22 17:13:10+00:00,2018-10-02 23:21:41+10:00,1761,9684,1146,13,git@github.com:mojohaus/nbm-maven-plugin.git,nbm-maven-plugin-2.2@1990,nbm-maven-plugin-4.1,e88b45732d680038965d826d440a253abba44868,b6a3e1cb814760e46afb1bee8cf8ca6e4c51e737,Sat Jun 24 11:43:16 2006 +0000,Sat Nov 14 09:36:28 2015 +1100
neo4j-ogm,2015-05-26 11:30:26+01:00,2023-03-09 10:09:24+01:00,36186,102101,1662,53,git@github.com:neo4j/neo4j-ogm.git,v1.1.4,v4.0.4,f4a7afd0b9765a278e7a3b17e86156deec1c16cb,a5e4d44750b9191a55ef601ea56cf121fd34ebd5,Wed Feb 3 11:57:23 2016 +0100,Thu Mar 9 10:09:46 2023 +0100
nettosphere,2012-02-09 11:05:22-05:00,2022-05-24 15:08:50-04:00,0,6907,819,24,git@github.com:Atmosphere/nettosphere.git,nettosphere-1.0.0,nettosphere-project-3.2.7,de9cc6622ba3bc776964eff5e1030ea1074b6978,17299938649d9d56934610f7aaefc8b6eca09ddc,Thu Mar 1 17:59:14 2012 -0800,Tue May 24 14:47:54 2022 -0400
netty-socketio,2012-01-12 15:47:09+04:00,2023-02-02 08:44:22+03:00,1537,10660,892,65,git@github.com:mrniko/netty-socketio.git,release_1.0.0,netty-socketio-1.7.23,cf35b2ed12d25e4940f9491b387cc8a499da7ff1,c809277a4879fa69de7eddf56ba6e3ed8f6a641f,Fri Jun 7 21:13:26 2013 +0400,Thu Feb 2 08:44:06 2023 +0300
nfsdb,2014-04-28 16:29:15-07:00,2023-03-17 18:29:02+00:00,0,618795,3990,131,git@github.com:NFSdb/nfsdb.git,1.0,7.0.5,20adbb1c95eea7633842d1f5d21e6f2427e19c88,c86fbb63e95f4e20e6b85a9713d6e6d83810db4a,Tue May 6 03:09:06 2014 +0100,Fri Mar 3 18:45:43 2023 +0000
ninja,2012-06-10 01:07:11+02:00,2022-01-21 22:18:05+01:00,794,65158,2173,110,git@github.com:ninjaframework/ninja.git,ninja-0.4,ninja-6.9.0,8dd3408788d199a3edb140f997fcd49296e36928,fa8c86d78b22c22f853fd29cb4c1f7727c6b42b2,Thu Jul 19 12:18:52 2012 +0200,Fri Jan 21 22:04:23 2022 +0100
objectify,2009-11-26 22:17:26+00:00,2022-12-25 09:25:33-08:00,0,30873,1225,28,git@github.com:objectify/objectify.git,1.0,6.0.9,ed066d1e078a543eb0f747c34dc2c1b2f5fbac7f,ded31d78b1f90a2f87b8c591060f75de8c7b09d6,Wed Jan 13 22:34:17 2010 +0000,Wed Oct 5 15:50:30 2022 -0700
omnifaces,2012-02-20 16:53:23-04:00,2023-02-26 13:06:54-04:00,2363,68538,3430,33,git@github.com:omnifaces/omnifaces.git,0.01,4.1,7df82398a8b0847dd4ace11105517157344c1584,37136eadecae37e06831df4d2972f20173c2eb38,Wed Feb 29 21:24:56 2012 +0100,Sun Feb 26 13:07:07 2023 -0400
ormlite-core,2010-06-28 03:19:48+00:00,2022-05-05 19:23:58-04:00,0,52293,1975,33,git@github.com:j256/ormlite-core.git,v2.10,ormlite-core-6.1,6f43546a07d4a2ffc44c7ec2406f615dc4cc6507,502d3577ad1002524f10debbdb97885e48cd1f18,Sat Mar 9 09:50:57 2013 -0500,Mon Dec 20 14:34:46 2021 -0500
owlapi,2009-01-13 17:44:35+00:00,2023-02-28 21:57:59+00:00,143828,243353,2828,61,git@github.com:owlcs/owlapi.git,owlapi-parent-3.4.2,owlapi-parent-4.5.24,7ba295278e82f7dfe04433aa17e50860ae1c9f9c,6067a10f7d527817bf73756653dfc08564fedbb7,Wed Dec 5 08:16:27 2012 +0000,Fri Jan 20 21:23:05 2023 +0000
owner,2012-12-23 06:40:06+01:00,2023-03-18 18:17:49+01:00,619,14134,1014,40,git@github.com:lviggiano/owner.git,owner-1.0,owner-1.0.12,cf68110310de787ac724ece410072510d52847ab,a3c4d46892478406d624537f62133598d5817736,Mon Dec 24 16:43:33 2012 +0100,Sun Jun 7 00:46:32 2020 +0200
pdfbox,2008-02-10 18:26:16+00:00,2023-03-18 15:14:21+00:00,0,280211,11193,20,git@github.com:apache/pdfbox.git,1.8.14,2.0.27,a48b3adb3386a3e9d9c93f7341aeed113cc95333,e72963ca5b283a87828ee731cd85c0b6baf1ff57,Mon Apr 16 17:50:01 2018 +0000,Mon Sep 26 15:15:30 2022 +0000
pebble,2012-12-26 18:04:23-08:00,2023-01-31 11:24:49-05:00,0,35874,1237,93,git@github.com:mbosecke/pebble.git,v0.0.1-alpha,3.2.0,b0bc0b5196cca68785f8c8920a54f4c12069a892,02e9e366d7ee6f271e1646b295b559e25d93f9a7,Mon Sep 30 22:36:21 2013 -0600,Thu Nov 24 14:24:15 2022 -0500
pgjdbc,1997-08-16 20:51:53+00:00,2023-03-17 17:27:32-04:00,5097,116231,3285,309,git@github.com:pgjdbc/pgjdbc.git,release-6-3,REL42.6.0,121396c2d9ba689d98fe0837be59ce628ae62c0e,d6a0cc2babc5e5a4cef0a8eafd1b36198d8e3873,Sun Feb 22 18:03:26 1998 +0000,Fri Mar 17 18:10:29 2023 -0400
photon,2013-08-20 09:06:16-07:00,2022-11-23 23:32:35+01:00,0,7918,1143,55,git@github.com:komoot/photon.git,v0.1,0.4.2,0075fe079179774e80e74c4b8027dbdc2ece6dfc,611ac161dac8d9a30988a39079472cc659c5c47c,Thu Aug 14 00:08:00 2014 +0200,Sat Nov 19 22:01:26 2022 +0100
Pipeline,2011-11-07 13:16:37-07:00,2019-11-26 08:25:55-07:00,118,88690,1362,58,git@github.com:ARUP-NGS/Pipeline.git,v1.6-beta,v1.9.3.legacy,583f79774629d402394a1bf30d8088e24d44a27d,44769f16830d9f694312ac3a6aacb2ebbddb23d4,Wed Apr 22 12:42:38 2015 -0600,Fri Jul 13 11:25:29 2018 -0600
podam,2011-05-01 10:45:32+01:00,2023-02-18 19:03:04+02:00,0,26557,1145,29,git@github.com:mtedone/podam.git,1.0.0.RELEASE,7.2.11.RELEASE,cabb12fcbb020a248e2d08b59eea72763dcfd404,c45034b09d06e8137bed4263ec6aaa313ff2dc6a,Sun May 1 11:09:14 2011 +0100,Sat Nov 5 22:46:16 2022 +0200
pushy,2013-08-02 15:37:22-04:00,2023-01-01 11:38:57-05:00,0,17445,1572,54,git@github.com:relayrides/pushy.git,pushy-0.1,pushy-0.15.2,f81712b29ca1956f4d88e2e4a6250e9062d73f36,c2d57c2851f79e08ba8906567e8109e24c932280,Fri Aug 16 11:29:45 2013 -0400,Sun Jan 1 11:38:55 2023 -0500
qpid-proton,2012-03-20 20:27:43+00:00,2023-03-09 17:53:24+01:00,23075,0,4579,95,git@github.com:apache/qpid-proton.git,0.1,0.38.0,171f6dceaa19c026cf4c86d5e2e125312a7393b3,da60728ebc92f40f265c13b4a4f55cb63265cd26,Tue Mar 12 15:18:22 2013 +0000,Fri Nov 11 13:16:40 2022 +0000
randomcoder-website,2006-10-18 16:43:52+00:00,2022-12-22 20:00:23-06:00,7297,14496,1200,1,git@github.com:insideo/randomcoder-website.git,randomcoder-website-2.5.0,randomcoder-website-5.0.7,fd4231042b809b8acb84a723da73be3f0446c443,ec967c0dba0bcae0744a71e0fa1f7ef4049395c9,Mon Jun 3 17:39:00 2013 -0700,Thu Dec 22 20:00:21 2022 -0600
raven-java,2019-09-03 13:40:02-04:00,2023-03-17 10:19:45+00:00,41,62673,1858,77,git@github.com:getsentry/raven-java.git,v1.0.0,6.16.0,087ccf0fd3d215044367f146ef9fe59200d5b183,00ff4078a76b033120386b12a50e4381c8a12b90,Tue Jun 6 18:21:39 2017 -0500,Fri Mar 17 08:52:33 2023 +0000
redpen,2013-10-11 14:33:03+09:00,2021-03-14 22:43:34+09:00,4401,42492,2220,51,git@github.com:redpen-cc/redpen.git,v0.6.0,redpen-1.10.4,feb76e71c781bf6d056f747a9be136d50e2363e0,259ed3413fb5a1bec409c142eaafab277238029d,Fri May 16 18:56:20 2014 +0900,Sun Jan 5 11:40:31 2020 +0900
remoting,2006-12-12 07:00:56+00:00,2023-03-08 15:55:17+00:00,840,53231,3112,123,git@github.com:jenkinsci/remoting.git,split-from-core,3107.v665000b_51092,e9ee3f02d7075d13f149529694cb63367a796d5b,665000b510929c83c93d5827c598ac6ad014f66d,Tue Jul 5 15:44:09 2011 +0100,Thu Feb 2 19:00:50 2023 -0500
requestor,2014-11-10 00:16:03-03:00,2023-02-21 23:27:46-03:00,10215,43407,1215,2,git@github.com:reinert/requestor.git,requestor-0.1.0,1.2.1,f89b2c01b142bda35cac3c4cbe724878f921e8b1,737198a14543fd52d91d6281202e0d682d2fd267,Tue Jan 6 18:11:51 2015 -0300,Wed Oct 12 15:10:16 2022 -0300
rest-assured,2010-10-21 17:43:07+02:00,2023-02-07 14:23:49+01:00,0,76776,2207,154,git@github.com:jayway/rest-assured.git,rest-assured-1.0,rest-assured-5.2.1,9f48dbcad5a93f11bfc09d1839d1f572499dcc06,47f2fd8fd9e097ecd8925008c3b0a85de66b1d1d,Fri Dec 24 10:48:14 2010 +0100,Fri Nov 18 11:55:01 2022 +0100
riak-java-client,2009-12-15 21:38:03-05:00,2018-02-27 17:15:27+00:00,1817,140634,2109,80,git@github.com:basho/riak-java-client.git,riak-client-0.9.0,riak-client-2.1.1,df458acc81b1a6713f418c8f225155b37b7036c4,38caf457c4446d4bd39b880849aee48011ed2f08,Tue Apr 6 15:41:58 2010 -0400,Thu Dec 15 11:13:44 2016 -0500
RoaringBitmap,2013-06-17 13:29:23-07:00,2020-01-27 09:05:48-05:00,0,78041,1941,60,git@github.com:lemire/RoaringBitmap.git,RoaringBitmap-0.0.1,RoaringBitmap-0.8.9,5f9c91cfbb55af0274536f889d1e77596b6e243d,bce65ffea9f64aa9879f5507dc2d86f6d73cf25b,Mon Mar 3 18:54:18 2014 -0500,Thu Jun 20 14:01:21 2019 -0400
rosette-common-java-api,2010-03-13 14:12:10+00:00,2023-02-28 16:11:44-05:00,0,2902,683,44,git@github.com:basis-technology-corp/rosette-common-java-api.git,common-1,rosette-common-api-37.5.2,282925176ac332d7d9a26c7e1a1c63873d368e3e,3c9dc66d0058f8b0c17069ac0f532fa5ba85c44b,Sun Mar 14 15:11:09 2010 +0000,Tue Feb 28 11:41:59 2023 -0500
rtree,2014-08-26 22:35:31+10:00,2023-03-07 11:57:17+00:00,0,11427,1208,15,git@github.com:davidmoten/rtree.git,0.1-RC1,0.10,25fd6e6bd97f17350bc653cab722013c849614db,8f21ff80015f1d7f1137b5983533b34d4e0f44a6,Mon Sep 1 21:00:26 2014 +1000,Mon May 16 15:25:20 2022 +1000
rxjava-extras,2014-11-29 10:25:14+11:00,2023-02-27 16:59:24+00:00,0,18993,1473,11,git@github.com:davidmoten/rxjava-extras.git,0.1,0.8.0.20,55fee1a1ab37d072f098294f8bc34da88f6cd52c,f0d352560888e427dd9be76ac480cb441ab7ab22,Sat Nov 29 17:09:51 2014 +1100,Wed Nov 23 19:40:22 2022 +1100
saltstack-netapi-client-java,2014-10-27 10:23:25+01:00,2023-01-12 17:31:10+01:00,0,15982,1000,61,git@github.com:SUSE/saltstack-netapi-client-java.git,v0.1.0,v0.21.0,380095c43a5cc918c042ade436a31ebf0b18ecd2,1130432f83585cfef6b32d214dac52eafea13dd6,Fri Apr 24 13:49:43 2015 +0200,Thu Jan 12 14:47:27 2023 +0100
scheduler,2012-11-09 15:14:23+01:00,2022-12-15 11:57:49+01:00,167,84900,3085,19,git@github.com:btrplace/scheduler.git,btrplace-solver-0.20,btrplace-scheduler-1.12.8,f13041b1249602aee730ade9f8a8a1fc18b7aaef,7bb8e494142c5214695fbe24a47ac174a6a15330,Mon Feb 25 15:17:39 2013 +0100,Thu Dec 15 11:57:43 2022 +0100
selenese-runner-java,2012-07-16 19:02:25+09:00,2023-01-18 13:23:28+09:00,2038,33506,1805,36,git@github.com:vmi/selenese-runner-java.git,selenese-runner-java-0.9.0-20120720,selenese-runner-java-4.2.0,aba502c5da5abbb454bbe7dff9fa6011f2c3965e,3e84e8e4e7e06aa1bdacaa8266db00f62ebef559,Fri Jul 20 13:30:44 2012 +0900,Mon Aug 22 23:44:35 2022 +0900
service-proxy,2009-10-21 14:17:28+00:00,2023-03-15 22:07:19+01:00,0,128606,3343,55,git@github.com:membrane/service-proxy.git,v3.5.5,v5.0.1,5b94ecbe38fbbd91c47713ba70eef43165ddf217,c7f9f6877a28eea48289a2861dcb9058da570cde,Thu Nov 15 11:29:44 2012 +0100,Mon Jan 23 18:42:07 2023 +0100
servicemix-bundles,2008-06-23 21:12:19+00:00,2023-03-17 09:26:53+01:00,0,31490,24706,75,git@github.com:apache/servicemix-bundles.git,bundles-pom-1,org.apache.servicemix.bundles.spring-data-redis-3.0.3_1,765829ab4f2ef362c00c36473828d5943ae8a06c,1f871419e327996a481b4dc146aabf85b18b6d59,Thu Jul 10 20:51:16 2008 +0000,Fri Mar 17 09:26:46 2023 +0100
servicemix4-bundles,2008-06-23 21:12:19+00:00,2015-02-10 02:17:29+00:00,0,87715,7583,15,git@github.com:apache/servicemix4-bundles.git,bundles-pom-1,org.apache.servicemix.bundles.ehcache-2.6.10_1,765829ab4f2ef362c00c36473828d5943ae8a06c,828c93b7fb6f8bce73f9b967928f10cda03e6fe2,Thu Jul 10 20:51:16 2008 +0000,Wed Feb 4 13:53:35 2015 +0000
sirona,2008-01-18 19:54:05+00:00,2017-07-05 20:04:31+00:00,0,36759,893,12,git@github.com:apache/sirona.git,sirona-0.1-incubating,sirona-0.5-incubating,2887f4e2c49bdd8fc493b44197f76db159fe5d9b,6973868eed0d10d42be96578ca096f7f6f16f246,Tue Nov 26 00:49:55 2013 +0000,Wed Apr 5 17:22:37 2017 +0000
sonar-javascript,2011-02-24 20:33:32+00:00,2023-03-17 18:05:46+01:00,0,45597,3798,91,git@github.com:SonarCommunity/sonar-javascript.git,1.0,10.0.1.20755,b18be032d954b7d9562f4ece676c7748a9869463,f58ba515a6fd5e30501e4f54e0d4e51fcd89b2ff,Thu Jun 7 14:30:23 2012 +0200,Thu Feb 16 17:32:14 2023 +0100
sonar-php,2009-03-09 10:19:06+00:00,2023-03-06 16:12:53+01:00,54,105000,2469,93,git@github.com:SonarCommunity/sonar-php.git,1.1,3.28.0.9490,bc151faa535a86388bec2cdd63904ee54c3f6b43,4e7d15956b7b6fd26daa2d73eb515be50d8e2c81,Mon Jul 23 11:45:43 2012 +0200,Mon Mar 6 12:14:18 2023 +0100
sonar-python,2011-11-10 22:40:03+00:00,2023-03-13 17:40:57+01:00,0,104622,2061,72,git@github.com:SonarSource/sonar-python.git,1.0,4.1.0.11333,03dd812b4f1e3bd468d16b22e0ab64dd56c9a0e9,50b9bb959fb9cd6ecc2cae0251a2f99a7eb89dfb,Fri Jul 13 16:56:13 2012 +0200,Fri Mar 10 09:34:02 2023 +0100
spatial4j,2015-06-29 16:10:20-04:00,2022-10-22 00:57:27-04:00,12849,16772,208,23,git@github.com:locationtech/spatial4j.git,_old/spatial4j-parent-0.2,spatial4j-0.8,da2ce4a3d706a512b3d053da09f202489d5f495a,8704d9ca3e3c96202464b6609028124d59f34c66,Wed Mar 7 23:21:37 2012 -0500,Wed Nov 25 17:07:55 2020 -0500
spring-cloud-config,2014-06-13 14:44:18+01:00,2023-03-09 11:22:54-05:00,2835,47468,1921,238,git@github.com:spring-cloud/spring-cloud-config.git,1.0.0.M1,v3.1.6,fde5e8653ae0c646bebd3b31b6bf46ed4632f19a,6693d86d8b1af5aa72ba616310979ddeda5bbc83,Tue Oct 7 13:43:27 2014 +0100,Thu Feb 23 23:07:12 2023 +0000
spring-cloud-netflix,2014-07-11 16:46:38+01:00,2023-03-07 13:36:37+01:00,394,15966,3045,283,git@github.com:spring-cloud/spring-cloud-netflix.git,1.0.0.M1,v3.1.5,66d347cfc6158e53965ccab62e26f24c6c5fcbdd,327b1262071d1a3d0642c465d323b8d1fe69b204,Tue Oct 7 13:43:27 2014 +0100,Thu Feb 23 23:12:59 2023 +0000
sqlite-jdbc,2007-10-14 15:58:54+00:00,2023-03-15 18:09:36+08:00,0,26805,1425,143,git@github.com:xerial/sqlite-jdbc.git,sqlite-jdbc-3.6.19,3.41.0.0,ca017aa6b4cdb6c5111bcc0ca0d469027d66f385,da7794bff413b84c428099c75e7871c2dbca0007,Tue Nov 24 15:35:36 2009 +0900,Thu Feb 23 03:25:44 2023 +0000
sslr,2010-02-18 09:20:34+00:00,2022-12-22 11:55:04+01:00,2833,30494,1505,23,git@github.com:SonarSource/sslr.git,1.8,1.24.0.633,c92bd9dda1bcf1cd968812d1318c9b875a6270ae,9a641a562e82f201a6d6c5a80688aa63c6dff54e,Fri Jan 27 13:08:48 2012 +0000,Wed Oct 28 16:07:29 2020 +0100
stapler,2009-03-14 01:03:28+00:00,2023-03-16 07:46:24+00:00,11225,34032,1778,73,git@github.com:stapler/stapler.git,stapler-1_24,1777.v7c6fe6d54a_0c,290a26bdaa05152f227887684afce42a6d275933,7c6fe6d54a0cc4c2b0f18c5673e4add74d355e54,Wed Mar 28 05:40:21 2007 +0000,Mon Mar 13 12:14:04 2023 +0100
storm-crawler,2013-04-12 07:13:30-07:00,2023-02-28 20:44:54+00:00,0,35558,1828,58,git@github.com:DigitalPebble/storm-crawler.git,0.1,2.7,2f996fcc46798cd7d062850bb4e0204017c8bedd,d9ca991c514e5010805c5519971686eded4ab306,Thu Sep 11 15:52:00 2014 +0100,Tue Dec 20 15:05:22 2022 +0000
stormpath-sdk-java,2012-04-02 18:22:57-07:00,2018-01-17 13:13:03-07:00,0,131635,3793,57,git@github.com:stormpath/stormpath-sdk-java.git,stormpath-sdk-root-0.4.0,stormpath-sdk-root-2.0.4-okta,7924a5ae0689257b8c300e9010259c679673995e,1347cf0c80c71fdbaacff38a605278a955660fa4,Mon Aug 13 14:44:29 2012 -0700,Wed Sep 27 23:09:38 2017 -0400
stringtemplate4,2009-10-08 15:41:36-08:00,2022-12-03 09:56:10-08:00,1851,21893,1005,39,git@github.com:antlr/stringtemplate4.git,release-4.0.5,ST4-4.3.4,25de865ef5e35791764018c3e3ce83ee4179832b,a2c4ef074e7c5018c7eb46372ed07f756c140404,Wed Feb 8 16:43:02 2012 -0800,Fri Sep 2 14:19:54 2022 -0700
stripe-java,2011-08-08 17:05:37-07:00,2023-03-16 19:01:11-07:00,1349,352808,2532,194,git@github.com:stripe/stripe-java.git,v1.0.0-SNAPSHOT,v22.14.0-beta.1,198e1f83705f283e658eacd45ce02dc094dd6dbf,68bbec357432fb4a271a55a935370807fb2cc2f2,Sat Oct 8 16:13:54 2011 -0700,Thu Mar 16 19:45:43 2023 -0700
swagger-codegen,2011-07-06 07:45:16-07:00,2023-03-10 13:26:56-05:00,20660,453635,11563,1268,git@github.com:swagger-api/swagger-codegen.git,swagger-codegen_2.9.1-1.1,v3.0.41,f7acc4bc9c2a6695f8bce5677dfdcd29cd242440,ed2832212c41ad39020f0c7a3fc874bd81353fbf,Thu Apr 12 17:41:18 2012 -0700,Thu Feb 16 15:31:36 2023 +0100
swagger-maven-plugin,2013-03-17 23:38:26+08:00,2020-06-11 21:41:10+08:00,1183,10435,923,132,git@github.com:kongchen/swagger-maven-plugin.git,swagger-maven-plugin-1.0,swagger-maven-plugin-3.1.8,ac525248ba7304243497cde34aa0d456a9d2b086,1d957c016d96d16554be5fc9b6ee8446aefe1564,Thu May 16 16:37:48 2013 +0800,Tue Jan 8 16:41:31 2019 +0800
swrlapi,2014-02-28 15:23:43-08:00,2023-02-14 15:51:26-08:00,21508,39456,998,13,git@github.com:protegeproject/swrlapi.git,release-1.0.0,release-2.1.0,c810ac2791ec7c87609865ddbfb8f2baaabe47b5,1dd5cfd49be001a0f3769d0f7fa7d4ece8cf84f8,Wed May 4 09:40:14 2016 -0700,Tue Feb 14 15:49:20 2023 -0800
tachyon,2012-12-21 09:43:46-08:00,2023-03-17 01:58:35-07:00,0,466407,33651,1547,git@github.com:amplab/tachyon.git,v0.1.0,v291-gamma,d90a4593d197a582d273c248e85896a23ad5b8d1,a9dd798a200b4f4d38a5d541377396013e9984b9,Sat Dec 22 22:39:42 2012 -0800,Thu Feb 23 17:02:02 2023 -0800
takari-lifecycle,2013-11-21 10:53:32-05:00,2023-03-03 12:03:38+01:00,1439,19028,749,22,git@github.com:takari/takari-lifecycle.git,tesla-lifecycle-1.0.3,takari-lifecycle-2.1.1,6f8dcb274950ce91fd0774f61eaec2fbde793990,d8b3e25a164e81a6f8670fdb13dd9f82e891ff77,Mon Dec 16 06:39:40 2013 -0800,Fri Mar 3 11:54:33 2023 +0100
td-import-java,2013-01-07 02:44:24-08:00,2022-09-29 17:23:55+07:00,0,16319,1371,14,git@github.com:treasure-data/td-import-java.git,v0.1.0,td-import-0.5.10,9de608aeb835b370fd520cfd3f2575e94a34aa5d,80e591b3e9207d66b1487135d77711c73cc66904,Fri Jan 18 15:01:22 2013 +0900,Wed Oct 23 13:35:18 2019 +0900
testdroid-api,2013-03-22 12:00:10+01:00,2023-03-07 18:54:27+01:00,0,18396,1236,41,git@github.com:bitbar/testdroid-api.git,v2.3,v3.15,5f542579e42942cede0fe9dfef7eefd0311a581f,d31d1a6cf913cb9587f4738d7bd764af8e3873cd,Thu Feb 19 12:27:24 2015 +0100,Tue Mar 7 18:54:27 2023 +0100
testgen,2012-11-09 06:28:45-08:00,2016-01-28 14:49:49+00:00,0,539,585,16,git@github.com:aranega/testgen.git,v20121205_175733,before_v20180201_105557,3e951be2ef4fe8a33746264db3a9cea166337080,149d5b07c198f8bdc0030596fa933f2e9a7a274d,Wed Dec 5 17:57:33 2012 +0100,Thu Feb 1 10:55:57 2018 +0000
Testy,2013-03-05 09:14:12-08:00,2023-03-10 12:00:58+02:00,0,30510,2241,24,git@github.com:sdl/Testy.git,Testy-1.7.10,Testy-2.13.1,f6083b2e8b3f135f75da507ca8f69f970ae9f0ee,bd11a750d4df2bb7f12b112076b78061838704ca,Mon Feb 23 10:31:12 2015 +0200,Mon Nov 29 08:56:48 2021 +0200
titan,2012-02-26 13:55:58-07:00,2015-12-03 05:40:44-05:00,0,107792,4434,60,git@github.com:thinkaurelius/titan.git,0.1-alpha,1.0.0,64500383eaf303fcc6a5f38674816e72bf1118d3,2eaa98b6b1778a938100afd7bdd9183dd6313a4e,Thu Jun 14 09:57:02 2012 -0600,Sat Sep 19 17:52:26 2015 -0400
TomP2P,2013-09-04 10:34:59+02:00,2020-05-05 10:57:24+02:00,52533,82810,1405,17,git@github.com:tomp2p/TomP2P.git,TomP2P-4.0.4,tomp2p-parent-5.0-Beta8.1,07df20eb979a99e2fe7b68965cd0769dfa8aaa1c,e822a6891932daffb1d154743f085a313227f76e,Sat Jan 21 00:29:58 2012 +0100,Tue May 5 10:57:19 2020 +0200
traccar,2010-04-11 14:24:45+00:00,2023-03-16 09:55:19-07:00,0,117402,7830,196,git@github.com:tananaev/traccar.git,v2.0,v5.6,36c030fa027402b18e2f77027d407b04a867b4fc,3ba077b0002481bf262a59ff2ad266b04a07c589,Sat Jan 12 12:57:19 2013 +1300,Mon Feb 6 11:32:04 2023 -0800
transfuse,2011-10-03 13:10:45-06:00,2021-07-17 17:16:52-06:00,452,60738,975,15,git@github.com:johncarl81/transfuse.git,transfuse-project-0.1.0,0.3.0-beta-14,14abe8e23fa2951ed0a837c27d454664d99d9171,a5322ae34f5aff6a9a3b4c4d9ccf420c162207c8,Fri Oct 5 22:23:37 2012 -0600,Thu Feb 6 10:37:53 2020 -0700
Tupl,2011-05-15 02:06:13+00:00,2023-03-08 10:52:10-08:00,6635,203720,4680,13,git@github.com:cojen/Tupl.git,v1.0.0,1.7.0,0559d5b6e4a919fb4131808057c16bbea1c07c76,5f586574e97b146adf103b4670df78c5f35fba4d,Mon Oct 7 22:08:38 2013 -0700,Sat Mar 4 10:22:30 2023 -0800
TwelveMonkeys,2009-09-03 19:48:42+02:00,2023-03-18 11:40:47+01:00,0,164475,1568,41,git@github.com:haraldk/TwelveMonkeys.git,2.2,twelvemonkeys-3.9.4,97e4451f30565e88f8efcd36646d44817bc19e67,dbb7c076952712960bbdb831c457d3a75b32520e,Wed Oct 21 21:38:54 2009 +0200,Mon Nov 21 18:51:28 2022 +0100
twilio-java,2009-09-14 23:06:14-07:00,2023-03-14 11:27:18-06:00,1349,286313,2187,163,git@github.com:twilio/twilio-java.git,2.0.0,9.2.5,ed7da40378b7845cd7ce202c2dbdcd0aabe89714,b30c3bc42c65c06cde2483df8d7f705e5797ed13,Mon Sep 14 23:06:36 2009 -0700,Thu Mar 9 22:29:16 2023 -0800
twitter4j,2007-06-20 16:38:46+00:00,2022-10-27 11:07:54+09:00,2821,37399,2482,185,git@github.com:yusuke/twitter4j.git,2.0.4,4.1.2,60531ccc5c6b5ffe1924efcd8881e7f74a875123,d899f3f6a384c197f9e198fde5d966248ee30971,Mon May 18 18:17:04 2009 +0000,Thu Oct 27 11:07:54 2022 +0900
undertow,2012-07-18 17:52:45-07:00,2023-02-15 18:56:46+01:00,0,225650,5529,224,git@github.com:undertow-io/undertow.git,1.0.0.Alpha1,2.2.23.Final,b91bcb09d858c8057704462291c6a75a36437e4d,569eebca669420e313793fc377ae3c59036526cd,Wed Mar 6 10:54:40 2013 +1100,Tue Feb 14 02:35:19 2023 -0300
unitime,2007-06-12 02:27:49+00:00,2023-03-16 18:58:12+01:00,182866,656492,6528,22,git@github.com:UniTime/unitime.git,v3.5.196,v4.7.81,f0d27d0c83463da6b4f3148d0e6e1e9ac92c8819,8d68c63062082ace026654aa721f72c10df13576,Mon Jan 26 15:26:12 2015 +0100,Mon Mar 6 14:21:46 2023 +0100
vertigo,2013-08-20 13:59:52-07:00,2014-11-19 10:28:26-08:00,0,43378,1115,3,git@github.com:kuujo/vertigo.git,vertigo-0.5.0,vertigo-0.7.0-RC3,2f1073245d7732bf2bf0d63ea3820731b1606c0f,3ebab46724c1a13a27e95b58cabf9ed069e2f975,Thu Nov 7 13:58:45 2013 -0800,Mon Jun 16 09:12:04 2014 -0700
vertx-deploy-tools,2013-10-13 23:29:13-07:00,2022-01-24 08:43:10+01:00,0,6901,793,14,git@github.com:msoute/vertx-deploy-tools.git,vertx-deploy-tools-1.0.1,vertx-deploy-tools-3.9.5,32083546f9fdb33dd8d73cc821c6615ee811869e,02381e4561db07af247f2e610da223bb564a932c,Fri Dec 12 10:14:18 2014 +0100,Thu Nov 4 13:06:33 2021 +0100
webbit,2011-01-16 22:50:50+00:00,2015-01-08 10:16:00-06:00,600,9796,767,45,git@github.com:webbit/webbit.git,v0.1.0,v0.4.19,2089c1b71eeccdc6918542b2a5b758aaf6874973,f628a7a3ffdd8c288514784f5b0426faaee2a2e3,Sun Feb 20 14:42:34 2011 +0000,Thu Jan 8 10:16:00 2015 -0600
webmagic,2013-04-23 20:58:03+08:00,2023-02-11 02:14:11+08:00,8531,18334,1209,69,git@github.com:code4craft/webmagic.git,version-0.1.0,WebMagic-0.8.0,57a00da4ca9acdd3043c3182dfaa8a71beb4fc3e,43ce1a0db94f22e69f71de4fedc9df203890c397,Thu Jul 25 13:48:56 2013 +0800,Thu Nov 24 00:49:41 2022 +0800
Wikidata-Toolkit,2014-01-22 18:14:32+01:00,2023-03-09 19:37:51+01:00,0,71774,1861,45,git@github.com:Wikidata/Wikidata-Toolkit.git,v0.1.0,v0.14.4,ca33f7696fdb76129ff1e457568c011c0d06d80e,3cd94e039b3ab830ced15ccfe92106d4c7e50d02,Thu Mar 27 17:41:28 2014 +0100,Wed Dec 14 17:17:51 2022 +0100
wildfly-elytron,2011-06-20 13:31:15-05:00,2023-02-27 15:19:07+01:00,1075,209869,5382,127,git@github.com:wildfly-security/wildfly-elytron.git,1.0.0.Beta1,2.1.0.Final,41578ca0134c0f774445e0073b5f0abb2755ae68,b201a05f41e0e7b8bbedb05e275f6ee4a696a625,Wed Jun 22 20:41:24 2011 +0100,Tue Feb 21 10:54:06 2023 -0500
XChart,2011-06-08 16:33:47+02:00,2022-12-25 19:12:33+01:00,2842,37166,1565,72,git@github.com:timmolter/XChart.git,1.1.0,xchart-3.8.3,a7b0c4f52f2850718f2d03528011c18d8c8d4190,ea7138f3a6760c8a667d15c5367b56e78a08502b,Sat Aug 25 14:56:44 2012 +0200,Sun Dec 25 19:12:31 2022 +0100
xmvn,2012-09-13 11:18:43+02:00,2021-02-17 10:33:56+01:00,134,25499,1595,11,git@github.com:mizdebsk/xmvn.git,0.0.0,3.1.0,8ee95d87bced6a7e1f5bcdb4cf873ac7bdc8e3fe,5f4c6c3e4b8f2abb27ddb4a04ae6f675f7325d58,Sat Nov 24 21:37:43 2012 +0100,Fri Jun 14 13:04:11 2019 +0200
